tool , nthreads , size , repetitions , usec
Pthreads ,1 ,10000 ,2000 ,68692 
Pthreads ,1 ,10000 ,2000 ,69597 
Pthreads ,1 ,10000 ,2000 ,68471 
Pthreads ,1 ,10000 ,2000 ,69240 
Pthreads ,1 ,10000 ,2000 ,69428 
Pthreads ,1 ,10000 ,2000 ,69298 
Pthreads ,1 ,10000 ,2000 ,69339 
Pthreads ,1 ,10000 ,2000 ,68639 
Pthreads ,1 ,10000 ,2000 ,68814 
Pthreads ,1 ,10000 ,2000 ,69064 
Pthreads ,1 ,10000 ,2000 ,68950 
Pthreads ,1 ,10000 ,2000 ,69730 
Pthreads ,1 ,10000 ,2000 ,70490 
Pthreads ,1 ,10000 ,2000 ,69123 
Pthreads ,1 ,10000 ,2000 ,68928 
Pthreads ,1 ,10000 ,2000 ,68523 
Pthreads ,1 ,10000 ,2000 ,69015 
Pthreads ,1 ,10000 ,2000 ,68912 
Pthreads ,1 ,10000 ,2000 ,69133 
Pthreads ,1 ,10000 ,2000 ,68598 
Pthreads ,2 ,50002000 ,37302 
Pthreads ,2 ,50002000 ,43856 
Pthreads ,2 ,50002000 ,36998 
Pthreads ,2 ,50002000 ,37009 
Pthreads ,2 ,50002000 ,37132 
Pthreads ,2 ,50002000 ,37071 
Pthreads ,2 ,50002000 ,45003 
Pthreads ,2 ,50002000 ,43152 
Pthreads ,2 ,50002000 ,42710 
Pthreads ,2 ,50002000 ,37072 
Pthreads ,2 ,50002000 ,56341 
Pthreads ,2 ,50002000 ,43070 
Pthreads ,2 ,50002000 ,45939 
Pthreads ,2 ,50002000 ,54542 
Pthreads ,2 ,50002000 ,36947 
Pthreads ,2 ,50002000 ,37045 
Pthreads ,2 ,50002000 ,36929 
Pthreads ,2 ,50002000 ,37010 
Pthreads ,2 ,50002000 ,37014 
Pthreads ,2 ,50002000 ,36933 
Pthreads ,4 ,25002000 ,31022 
Pthreads ,4 ,25002000 ,31100 
Pthreads ,4 ,25002000 ,31352 
Pthreads ,4 ,25002000 ,31731 
Pthreads ,4 ,25002000 ,31082 
Pthreads ,4 ,25002000 ,31005 
Pthreads ,4 ,25002000 ,31274 
Pthreads ,4 ,25002000 ,31383 
Pthreads ,4 ,25002000 ,31050 
Pthreads ,4 ,25002000 ,31545 
Pthreads ,4 ,25002000 ,31258 
Pthreads ,4 ,25002000 ,31181 
Pthreads ,4 ,25002000 ,31549 
Pthreads ,4 ,25002000 ,31585 
Pthreads ,4 ,25002000 ,31676 
Pthreads ,4 ,25002000 ,31633 
Pthreads ,4 ,25002000 ,31699 
Pthreads ,4 ,25002000 ,31597 
Pthreads ,4 ,25002000 ,31546 
Pthreads ,4 ,25002000 ,31587 
Pthreads ,1 ,1000002000 ,674371 , 
Pthreads ,1 ,1000002000 ,677388 , 
Pthreads ,1 ,1000002000 ,676657 , 
Pthreads ,1 ,1000002000 ,676148 , 
Pthreads ,1 ,1000002000 ,677504 , 
Pthreads ,1 ,1000002000 ,676496 , 
Pthreads ,1 ,1000002000 ,675387 , 
Pthreads ,1 ,1000002000 ,675624 , 
Pthreads ,1 ,1000002000 ,675648 , 
Pthreads ,1 ,1000002000 ,676415 , 
Pthreads ,1 ,1000002000 ,675091 , 
Pthreads ,1 ,1000002000 ,675893 , 
Pthreads ,1 ,1000002000 ,675403 , 
Pthreads ,1 ,1000002000 ,680504 , 
Pthreads ,1 ,1000002000 ,679209 , 
Pthreads ,1 ,1000002000 ,680354 , 
Pthreads ,1 ,1000002000 ,679262 , 
Pthreads ,1 ,1000002000 ,679897 , 
Pthreads ,1 ,1000002000 ,683401 , 
Pthreads ,1 ,1000002000 ,678110 , 
Pthreads ,2 ,50000 ,2000 ,371997 , 
Pthreads ,2 ,50000 ,2000 ,371551 , 
Pthreads ,2 ,50000 ,2000 ,364623 , 
Pthreads ,2 ,50000 ,2000 ,366337 , 
Pthreads ,2 ,50000 ,2000 ,366660 , 
Pthreads ,2 ,50000 ,2000 ,370407 , 
Pthreads ,2 ,50000 ,2000 ,364990 , 
Pthreads ,2 ,50000 ,2000 ,381670 , 
Pthreads ,2 ,50000 ,2000 ,364340 , 
Pthreads ,2 ,50000 ,2000 ,373945 , 
Pthreads ,2 ,50000 ,2000 ,369837 , 
Pthreads ,2 ,50000 ,2000 ,366123 , 
Pthreads ,2 ,50000 ,2000 ,366525 , 
Pthreads ,2 ,50000 ,2000 ,365194 , 
Pthreads ,2 ,50000 ,2000 ,366070 , 
Pthreads ,2 ,50000 ,2000 ,364377 , 
Pthreads ,2 ,50000 ,2000 ,367968 , 
Pthreads ,2 ,50000 ,2000 ,365874 , 
Pthreads ,2 ,50000 ,2000 ,365798 , 
Pthreads ,2 ,50000 ,2000 ,366381 , 
Pthreads ,4 ,25000 ,2000 ,306542 , 
Pthreads ,4 ,25000 ,2000 ,304377 , 
Pthreads ,4 ,25000 ,2000 ,303026 , 
Pthreads ,4 ,25000 ,2000 ,304557 , 
Pthreads ,4 ,25000 ,2000 ,308593 , 
Pthreads ,4 ,25000 ,2000 ,305448 , 
Pthreads ,4 ,25000 ,2000 ,303525 , 
Pthreads ,4 ,25000 ,2000 ,305087 , 
Pthreads ,4 ,25000 ,2000 ,303148 , 
Pthreads ,4 ,25000 ,2000 ,304741 , 
Pthreads ,4 ,25000 ,2000 ,303216 , 
Pthreads ,4 ,25000 ,2000 ,304831 , 
Pthreads ,4 ,25000 ,2000 ,303178 , 
Pthreads ,4 ,25000 ,2000 ,304432 , 
Pthreads ,4 ,25000 ,2000 ,303512 , 
Pthreads ,4 ,25000 ,2000 ,304012 , 
Pthreads ,4 ,25000 ,2000 ,302016 , 
Pthreads ,4 ,25000 ,2000 ,304340 , 
Pthreads ,4 ,25000 ,2000 ,303266 , 
Pthreads ,4 ,25000 ,2000 ,305235 , 
Pthreads ,1 ,1000000 ,2000 ,6996014 
Pthreads ,1 ,1000000 ,2000 ,6997253 
Pthreads ,1 ,1000000 ,2000 ,7008093 
Pthreads ,1 ,1000000 ,2000 ,7003475 
Pthreads ,1 ,1000000 ,2000 ,6995894 
Pthreads ,1 ,1000000 ,2000 ,7000158 
Pthreads ,1 ,1000000 ,2000 ,6991244 
Pthreads ,1 ,1000000 ,2000 ,6993631 
Pthreads ,1 ,1000000 ,2000 ,6999368 
Pthreads ,1 ,1000000 ,2000 ,7007434 
Pthreads ,1 ,1000000 ,2000 ,7013366 
Pthreads ,1 ,1000000 ,2000 ,7005212 
Pthreads ,1 ,1000000 ,2000 ,6995749 
Pthreads ,1 ,1000000 ,2000 ,7563924 
Pthreads ,1 ,1000000 ,2000 ,7129768 
Pthreads ,1 ,1000000 ,2000 ,7377141 
Pthreads ,1 ,1000000 ,2000 ,7346167 
Pthreads ,1 ,1000000 ,2000 ,7897820 
Pthreads ,1 ,1000000 ,2000 ,7403941 
Pthreads ,1 ,1000000 ,2000 ,7304867 
Pthreads ,2 ,5000002000 ,3966552 
Pthreads ,2 ,5000002000 ,3846468 
Pthreads ,2 ,5000002000 ,3839085 
Pthreads ,2 ,5000002000 ,3914232 
Pthreads ,2 ,5000002000 ,4117865 
Pthreads ,2 ,5000002000 ,3921693 
Pthreads ,2 ,5000002000 ,4109050 
Pthreads ,2 ,5000002000 ,4526782 
Pthreads ,2 ,5000002000 ,4245770 
Pthreads ,2 ,5000002000 ,4075704 
Pthreads ,2 ,5000002000 ,3853139 
Pthreads ,2 ,5000002000 ,3846451 
Pthreads ,2 ,5000002000 ,3837234 
Pthreads ,2 ,5000002000 ,3845685 
Pthreads ,2 ,5000002000 ,3856760 
Pthreads ,2 ,5000002000 ,4029649 
Pthreads ,2 ,5000002000 ,4065527 
Pthreads ,2 ,5000002000 ,3848713 
Pthreads ,2 ,5000002000 ,3841957 
Pthreads ,2 ,5000002000 ,3862479 
Pthreads ,4 ,2500002000 ,3216137 
Pthreads ,4 ,2500002000 ,3190962 
Pthreads ,4 ,2500002000 ,3190404 
Pthreads ,4 ,2500002000 ,3187998 
Pthreads ,4 ,2500002000 ,3212063 
Pthreads ,4 ,2500002000 ,3188144 
Pthreads ,4 ,2500002000 ,3182490 
Pthreads ,4 ,2500002000 ,3178730 
Pthreads ,4 ,2500002000 ,3186744 
Pthreads ,4 ,2500002000 ,3189049 
Pthreads ,4 ,2500002000 ,3201667 
Pthreads ,4 ,2500002000 ,3182014 
Pthreads ,4 ,2500002000 ,3188622 
Pthreads ,4 ,2500002000 ,3191680 
Pthreads ,4 ,2500002000 ,3190974 
Pthreads ,4 ,2500002000 ,3181578 
Pthreads ,4 ,2500002000 ,3372279 
Pthreads ,4 ,2500002000 ,3183886 
Pthreads ,4 ,2500002000 ,3191434 
Pthreads ,4 ,2500002000 ,3178726 
Pthreads ,1 ,10000 ,3000 ,102909 , 
Pthreads ,1 ,10000 ,3000 ,102262 , 
Pthreads ,1 ,10000 ,3000 ,102808 , 
Pthreads ,1 ,10000 ,3000 ,102599 , 
Pthreads ,1 ,10000 ,3000 ,102522 , 
Pthreads ,1 ,10000 ,3000 ,103355 , 
Pthreads ,1 ,10000 ,3000 ,102483 , 
Pthreads ,1 ,10000 ,3000 ,102508 , 
Pthreads ,1 ,10000 ,3000 ,102473 , 
Pthreads ,1 ,10000 ,3000 ,102313 , 
Pthreads ,1 ,10000 ,3000 ,103438 , 
Pthreads ,1 ,10000 ,3000 ,103681 , 
Pthreads ,1 ,10000 ,3000 ,103290 , 
Pthreads ,1 ,10000 ,3000 ,102784 , 
Pthreads ,1 ,10000 ,3000 ,102265 , 
Pthreads ,1 ,10000 ,3000 ,102067 , 
Pthreads ,1 ,10000 ,3000 ,102894 , 
Pthreads ,1 ,10000 ,3000 ,102271 , 
Pthreads ,1 ,10000 ,3000 ,102385 , 
Pthreads ,1 ,10000 ,3000 ,102082 , 
Pthreads ,2 ,50003000 ,55016 
Pthreads ,2 ,50003000 ,55032 
Pthreads ,2 ,50003000 ,55197 
Pthreads ,2 ,50003000 ,61869 
Pthreads ,2 ,50003000 ,55259 
Pthreads ,2 ,50003000 ,55075 
Pthreads ,2 ,50003000 ,55318 
Pthreads ,2 ,50003000 ,54939 
Pthreads ,2 ,50003000 ,55584 
Pthreads ,2 ,50003000 ,60222 
Pthreads ,2 ,50003000 ,60235 
Pthreads ,2 ,50003000 ,55243 
Pthreads ,2 ,50003000 ,55161 
Pthreads ,2 ,50003000 ,55484 
Pthreads ,2 ,50003000 ,55038 
Pthreads ,2 ,50003000 ,58798 
Pthreads ,2 ,50003000 ,59941 
Pthreads ,2 ,50003000 ,60431 
Pthreads ,2 ,50003000 ,58923 
Pthreads ,2 ,50003000 ,55302 
Pthreads ,4 ,25003000 ,45832 
Pthreads ,4 ,25003000 ,46406 
Pthreads ,4 ,25003000 ,46039 
Pthreads ,4 ,25003000 ,46068 
Pthreads ,4 ,25003000 ,46341 
Pthreads ,4 ,25003000 ,46630 
Pthreads ,4 ,25003000 ,46130 
Pthreads ,4 ,25003000 ,46389 
Pthreads ,4 ,25003000 ,46345 
Pthreads ,4 ,25003000 ,46132 
Pthreads ,4 ,25003000 ,46295 
Pthreads ,4 ,25003000 ,46462 
Pthreads ,4 ,25003000 ,46322 
Pthreads ,4 ,25003000 ,46221 
Pthreads ,4 ,25003000 ,46198 
Pthreads ,4 ,25003000 ,46302 
Pthreads ,4 ,25003000 ,46143 
Pthreads ,4 ,25003000 ,46344 
Pthreads ,4 ,25003000 ,46757 
Pthreads ,4 ,25003000 ,47156 
Pthreads ,1 ,1000003000 ,1013803 
Pthreads ,1 ,1000003000 ,1013310 
Pthreads ,1 ,1000003000 ,1016077 
Pthreads ,1 ,1000003000 ,1011688 
Pthreads ,1 ,1000003000 ,1012925 
Pthreads ,1 ,1000003000 ,1013605 
Pthreads ,1 ,1000003000 ,1010486 
Pthreads ,1 ,1000003000 ,1013782 
Pthreads ,1 ,1000003000 ,1015566 
Pthreads ,1 ,1000003000 ,1013001 
Pthreads ,1 ,1000003000 ,1013354 
Pthreads ,1 ,1000003000 ,1013850 
Pthreads ,1 ,1000003000 ,1015141 
Pthreads ,1 ,1000003000 ,1012134 
Pthreads ,1 ,1000003000 ,1016439 
Pthreads ,1 ,1000003000 ,1011522 
Pthreads ,1 ,1000003000 ,1012187 
Pthreads ,1 ,1000003000 ,1013328 
Pthreads ,1 ,1000003000 ,1011540 
Pthreads ,1 ,1000003000 ,1012026 
Pthreads ,2 ,50000 ,3000 ,562714 , 
Pthreads ,2 ,50000 ,3000 ,548975 , 
Pthreads ,2 ,50000 ,3000 ,549536 , 
Pthreads ,2 ,50000 ,3000 ,553871 , 
Pthreads ,2 ,50000 ,3000 ,552161 , 
Pthreads ,2 ,50000 ,3000 ,551302 , 
Pthreads ,2 ,50000 ,3000 ,549408 , 
Pthreads ,2 ,50000 ,3000 ,568763 , 
Pthreads ,2 ,50000 ,3000 ,548760 , 
Pthreads ,2 ,50000 ,3000 ,552786 , 
Pthreads ,2 ,50000 ,3000 ,553815 , 
Pthreads ,2 ,50000 ,3000 ,561246 , 
Pthreads ,2 ,50000 ,3000 ,613592 , 
Pthreads ,2 ,50000 ,3000 ,587276 , 
Pthreads ,2 ,50000 ,3000 ,658598 , 
Pthreads ,2 ,50000 ,3000 ,604839 , 
Pthreads ,2 ,50000 ,3000 ,654044 , 
Pthreads ,2 ,50000 ,3000 ,713684 , 
Pthreads ,2 ,50000 ,3000 ,587191 , 
Pthreads ,2 ,50000 ,3000 ,600651 , 
Pthreads ,4 ,25000 ,3000 ,474551 , 
Pthreads ,4 ,25000 ,3000 ,473829 , 
Pthreads ,4 ,25000 ,3000 ,465906 , 
Pthreads ,4 ,25000 ,3000 ,481607 , 
Pthreads ,4 ,25000 ,3000 ,468111 , 
Pthreads ,4 ,25000 ,3000 ,480306 , 
Pthreads ,4 ,25000 ,3000 ,469088 , 
Pthreads ,4 ,25000 ,3000 ,478611 , 
Pthreads ,4 ,25000 ,3000 ,475373 , 
Pthreads ,4 ,25000 ,3000 ,483176 , 
Pthreads ,4 ,25000 ,3000 ,477360 , 
Pthreads ,4 ,25000 ,3000 ,462351 , 
Pthreads ,4 ,25000 ,3000 ,456873 , 
Pthreads ,4 ,25000 ,3000 ,453687 , 
Pthreads ,4 ,25000 ,3000 ,453905 , 
Pthreads ,4 ,25000 ,3000 ,453732 , 
Pthreads ,4 ,25000 ,3000 ,452717 , 
Pthreads ,4 ,25000 ,3000 ,454094 , 
Pthreads ,4 ,25000 ,3000 ,453888 , 
Pthreads ,4 ,25000 ,3000 ,452130 , 
Pthreads ,1 ,1000000 ,3000 ,10514428 , 
Pthreads ,1 ,1000000 ,3000 ,10546740 , 
Pthreads ,1 ,1000000 ,3000 ,10511888 , 
Pthreads ,1 ,1000000 ,3000 ,10513816 , 
Pthreads ,1 ,1000000 ,3000 ,10492614 , 
Pthreads ,1 ,1000000 ,3000 ,10514972 , 
Pthreads ,1 ,1000000 ,3000 ,10500578 , 
Pthreads ,1 ,1000000 ,3000 ,10513837 , 
Pthreads ,1 ,1000000 ,3000 ,10486529 , 
Pthreads ,1 ,1000000 ,3000 ,10516550 , 
Pthreads ,1 ,1000000 ,3000 ,10481154 , 
Pthreads ,1 ,1000000 ,3000 ,10523052 , 
Pthreads ,1 ,1000000 ,3000 ,10547001 , 
Pthreads ,1 ,1000000 ,3000 ,10497062 , 
Pthreads ,1 ,1000000 ,3000 ,10501261 , 
Pthreads ,1 ,1000000 ,3000 ,10526858 , 
Pthreads ,1 ,1000000 ,3000 ,10550157 , 
Pthreads ,1 ,1000000 ,3000 ,10498186 , 
Pthreads ,1 ,1000000 ,3000 ,10507621 , 
Pthreads ,1 ,1000000 ,3000 ,10495219 , 
Pthreads ,2 ,5000003000 ,5801054 
Pthreads ,2 ,5000003000 ,5774778 
Pthreads ,2 ,5000003000 ,5845353 
Pthreads ,2 ,5000003000 ,5823508 
Pthreads ,2 ,5000003000 ,5796193 
Pthreads ,2 ,5000003000 ,5778854 
Pthreads ,2 ,5000003000 ,5772151 
Pthreads ,2 ,5000003000 ,5789513 
Pthreads ,2 ,5000003000 ,5808586 
Pthreads ,2 ,5000003000 ,5828109 
Pthreads ,2 ,5000003000 ,5785436 
Pthreads ,2 ,5000003000 ,5822816 
Pthreads ,2 ,5000003000 ,5812688 
Pthreads ,2 ,5000003000 ,5836847 
Pthreads ,2 ,5000003000 ,5979334 
Pthreads ,2 ,5000003000 ,6680455 
Pthreads ,2 ,5000003000 ,5772064 
Pthreads ,2 ,5000003000 ,5640653 
Pthreads ,2 ,5000003000 ,5676055 
Pthreads ,2 ,5000003000 ,5688337 
Pthreads ,4 ,2500003000 ,4764354 
Pthreads ,4 ,2500003000 ,4743516 
Pthreads ,4 ,2500003000 ,4766001 
Pthreads ,4 ,2500003000 ,4772134 
Pthreads ,4 ,2500003000 ,4760970 
Pthreads ,4 ,2500003000 ,4771712 
Pthreads ,4 ,2500003000 ,4755619 
Pthreads ,4 ,2500003000 ,4759869 
Pthreads ,4 ,2500003000 ,4766379 
Pthreads ,4 ,2500003000 ,4792070 
Pthreads ,4 ,2500003000 ,4761140 
Pthreads ,4 ,2500003000 ,4765461 
Pthreads ,4 ,2500003000 ,4762532 
Pthreads ,4 ,2500003000 ,4757040 
Pthreads ,4 ,2500003000 ,4729444 
Pthreads ,4 ,2500003000 ,4759445 
Pthreads ,4 ,2500003000 ,4741385 
Pthreads ,4 ,2500003000 ,4737431 
Pthreads ,4 ,2500003000 ,4732276 
Pthreads ,4 ,2500003000 ,4747547 
Pthreads ,1 ,10000 ,5000 ,169660 , 
Pthreads ,1 ,10000 ,5000 ,168804 , 
Pthreads ,1 ,10000 ,5000 ,168352 , 
Pthreads ,1 ,10000 ,5000 ,168430 , 
Pthreads ,1 ,10000 ,5000 ,168385 , 
Pthreads ,1 ,10000 ,5000 ,168139 , 
Pthreads ,1 ,10000 ,5000 ,168267 , 
Pthreads ,1 ,10000 ,5000 ,168200 , 
Pthreads ,1 ,10000 ,5000 ,168769 , 
Pthreads ,1 ,10000 ,5000 ,168412 , 
Pthreads ,1 ,10000 ,5000 ,168807 , 
Pthreads ,1 ,10000 ,5000 ,169767 , 
Pthreads ,1 ,10000 ,5000 ,170422 , 
Pthreads ,1 ,10000 ,5000 ,168926 , 
Pthreads ,1 ,10000 ,5000 ,168609 , 
Pthreads ,1 ,10000 ,5000 ,168361 , 
Pthreads ,1 ,10000 ,5000 ,168340 , 
Pthreads ,1 ,10000 ,5000 ,168469 , 
Pthreads ,1 ,10000 ,5000 ,168457 , 
Pthreads ,1 ,10000 ,5000 ,168600 , 
Pthreads ,2 ,50005000 ,96186 
Pthreads ,2 ,50005000 ,95430 
Pthreads ,2 ,50005000 ,95642 
Pthreads ,2 ,50005000 ,90708 
Pthreads ,2 ,50005000 ,90794 
Pthreads ,2 ,50005000 ,90762 
Pthreads ,2 ,50005000 ,90781 
Pthreads ,2 ,50005000 ,90766 
Pthreads ,2 ,50005000 ,111159 , 
Pthreads ,2 ,50005000 ,90768 
Pthreads ,2 ,50005000 ,90838 
Pthreads ,2 ,50005000 ,90758 
Pthreads ,2 ,50005000 ,90715 
Pthreads ,2 ,50005000 ,90789 
Pthreads ,2 ,50005000 ,90799 
Pthreads ,2 ,50005000 ,96419 
Pthreads ,2 ,50005000 ,95862 
Pthreads ,2 ,50005000 ,90800 
Pthreads ,2 ,50005000 ,90924 
Pthreads ,2 ,50005000 ,90774 
Pthreads ,4 ,25005000 ,78264 
Pthreads ,4 ,25005000 ,75481 
Pthreads ,4 ,25005000 ,75419 
Pthreads ,4 ,25005000 ,75532 
Pthreads ,4 ,25005000 ,75587 
Pthreads ,4 ,25005000 ,75392 
Pthreads ,4 ,25005000 ,75622 
Pthreads ,4 ,25005000 ,76416 
Pthreads ,4 ,25005000 ,75581 
Pthreads ,4 ,25005000 ,75751 
Pthreads ,4 ,25005000 ,75519 
Pthreads ,4 ,25005000 ,75589 
Pthreads ,4 ,25005000 ,75452 
Pthreads ,4 ,25005000 ,76745 
Pthreads ,4 ,25005000 ,75584 
Pthreads ,4 ,25005000 ,75529 
Pthreads ,4 ,25005000 ,75510 
Pthreads ,4 ,25005000 ,75525 
Pthreads ,4 ,25005000 ,75549 
Pthreads ,4 ,25005000 ,75874 
Pthreads ,1 ,1000005000 ,1678368 
Pthreads ,1 ,1000005000 ,1678333 
Pthreads ,1 ,1000005000 ,1678026 
Pthreads ,1 ,1000005000 ,1677136 
Pthreads ,1 ,1000005000 ,1677994 
Pthreads ,1 ,1000005000 ,1677675 
Pthreads ,1 ,1000005000 ,1678075 
Pthreads ,1 ,1000005000 ,1676977 
Pthreads ,1 ,1000005000 ,1676992 
Pthreads ,1 ,1000005000 ,1677930 
Pthreads ,1 ,1000005000 ,1677283 
Pthreads ,1 ,1000005000 ,1678656 
Pthreads ,1 ,1000005000 ,1680483 
Pthreads ,1 ,1000005000 ,1680642 
Pthreads ,1 ,1000005000 ,1678743 
Pthreads ,1 ,1000005000 ,1678890 
Pthreads ,1 ,1000005000 ,1678754 
Pthreads ,1 ,1000005000 ,1678668 
Pthreads ,1 ,1000005000 ,1679207 
Pthreads ,1 ,1000005000 ,1679119 
Pthreads ,2 ,50000 ,5000 ,907271 , 
Pthreads ,2 ,50000 ,5000 ,911914 , 
Pthreads ,2 ,50000 ,5000 ,908454 , 
Pthreads ,2 ,50000 ,5000 ,906632 , 
Pthreads ,2 ,50000 ,5000 ,906845 , 
Pthreads ,2 ,50000 ,5000 ,909430 , 
Pthreads ,2 ,50000 ,5000 ,908662 , 
Pthreads ,2 ,50000 ,5000 ,909599 , 
Pthreads ,2 ,50000 ,5000 ,911480 , 
Pthreads ,2 ,50000 ,5000 ,909694 , 
Pthreads ,2 ,50000 ,5000 ,920887 , 
Pthreads ,2 ,50000 ,5000 ,906630 , 
Pthreads ,2 ,50000 ,5000 ,906473 , 
Pthreads ,2 ,50000 ,5000 ,912587 , 
Pthreads ,2 ,50000 ,5000 ,907533 , 
Pthreads ,2 ,50000 ,5000 ,906906 , 
Pthreads ,2 ,50000 ,5000 ,906445 , 
Pthreads ,2 ,50000 ,5000 ,906782 , 
Pthreads ,2 ,50000 ,5000 ,911019 , 
Pthreads ,2 ,50000 ,5000 ,906773 , 
Pthreads ,4 ,25000 ,5000 ,753880 , 
Pthreads ,4 ,25000 ,5000 ,749967 , 
Pthreads ,4 ,25000 ,5000 ,750815 , 
Pthreads ,4 ,25000 ,5000 ,750443 , 
Pthreads ,4 ,25000 ,5000 ,750616 , 
Pthreads ,4 ,25000 ,5000 ,751065 , 
Pthreads ,4 ,25000 ,5000 ,750496 , 
Pthreads ,4 ,25000 ,5000 ,750868 , 
Pthreads ,4 ,25000 ,5000 ,750759 , 
Pthreads ,4 ,25000 ,5000 ,750270 , 
Pthreads ,4 ,25000 ,5000 ,750013 , 
Pthreads ,4 ,25000 ,5000 ,753428 , 
Pthreads ,4 ,25000 ,5000 ,761259 , 
Pthreads ,4 ,25000 ,5000 ,763388 , 
Pthreads ,4 ,25000 ,5000 ,761603 , 
Pthreads ,4 ,25000 ,5000 ,766278 , 
Pthreads ,4 ,25000 ,5000 ,757726 , 
Pthreads ,4 ,25000 ,5000 ,749714 , 
Pthreads ,4 ,25000 ,5000 ,752076 , 
Pthreads ,4 ,25000 ,5000 ,749972 , 
Pthreads ,1 ,1000000 ,5000 ,17126980 , 
Pthreads ,1 ,1000000 ,5000 ,17171126 , 
Pthreads ,1 ,1000000 ,5000 ,17197950 , 
Pthreads ,1 ,1000000 ,5000 ,17152799 , 
Pthreads ,1 ,1000000 ,5000 ,17132542 , 
Pthreads ,1 ,1000000 ,5000 ,17149311 , 
Pthreads ,1 ,1000000 ,5000 ,17164453 , 
Pthreads ,1 ,1000000 ,5000 ,17133603 , 
Pthreads ,1 ,1000000 ,5000 ,17577271 , 
Pthreads ,1 ,1000000 ,5000 ,18251384 , 
Pthreads ,1 ,1000000 ,5000 ,17766519 , 
Pthreads ,1 ,1000000 ,5000 ,17747458 , 
Pthreads ,1 ,1000000 ,5000 ,17500593 , 
Pthreads ,1 ,1000000 ,5000 ,17545849 , 
Pthreads ,1 ,1000000 ,5000 ,17490834 , 
Pthreads ,1 ,1000000 ,5000 ,17512199 , 
Pthreads ,1 ,1000000 ,5000 ,17492945 , 
Pthreads ,1 ,1000000 ,5000 ,17516929 , 
Pthreads ,1 ,1000000 ,5000 ,17493467 , 
Pthreads ,1 ,1000000 ,5000 ,17522760 , 
Pthreads ,2 ,5000005000 ,9671919 
Pthreads ,2 ,5000005000 ,9684412 
Pthreads ,2 ,5000005000 ,9639073 
Pthreads ,2 ,5000005000 ,9714607 
Pthreads ,2 ,5000005000 ,9747430 
Pthreads ,2 ,5000005000 ,9666354 
Pthreads ,2 ,5000005000 ,9656389 
Pthreads ,2 ,5000005000 ,9685638 
Pthreads ,2 ,5000005000 ,9617518 
Pthreads ,2 ,5000005000 ,9610618 
Pthreads ,2 ,5000005000 ,9668176 
Pthreads ,2 ,5000005000 ,9624158 
Pthreads ,2 ,5000005000 ,9616951 
Pthreads ,2 ,5000005000 ,9659920 
Pthreads ,2 ,5000005000 ,9616391 
Pthreads ,2 ,5000005000 ,9730020 
Pthreads ,2 ,5000005000 ,10336401 , 
Pthreads ,2 ,5000005000 ,10301347 , 
Pthreads ,2 ,5000005000 ,9415553 
Pthreads ,2 ,5000005000 ,9541676 
Pthreads ,4 ,2500005000 ,7941977 
Pthreads ,4 ,2500005000 ,7923101 
Pthreads ,4 ,2500005000 ,7916641 
Pthreads ,4 ,2500005000 ,7923497 
Pthreads ,4 ,2500005000 ,7919937 
Pthreads ,4 ,2500005000 ,7907503 
Pthreads ,4 ,2500005000 ,7954559 
Pthreads ,4 ,2500005000 ,7933171 
Pthreads ,4 ,2500005000 ,7924569 
Pthreads ,4 ,2500005000 ,7972043 
Pthreads ,4 ,2500005000 ,7972935 
Pthreads ,4 ,2500005000 ,7969038 
Pthreads ,4 ,2500005000 ,7960434 
Pthreads ,4 ,2500005000 ,7933704 
Pthreads ,4 ,2500005000 ,7991235 
Pthreads ,4 ,2500005000 ,7871435 
Pthreads ,4 ,2500005000 ,7976228 
Pthreads ,4 ,2500005000 ,8135687 
Pthreads ,4 ,2500005000 ,8308669 
Pthreads ,4 ,2500005000 ,8126093 
OpenMP ,1 ,10000 ,2000 ,71448 
OpenMP ,1 ,10000 ,2000 ,69005 
OpenMP ,1 ,10000 ,2000 ,69096 
OpenMP ,1 ,10000 ,2000 ,68472 
OpenMP ,1 ,10000 ,2000 ,68593 
OpenMP ,1 ,10000 ,2000 ,68479 
OpenMP ,1 ,10000 ,2000 ,69207 
OpenMP ,1 ,10000 ,2000 ,68686 
OpenMP ,1 ,10000 ,2000 ,68517 
OpenMP ,1 ,10000 ,2000 ,68965 
OpenMP ,1 ,10000 ,2000 ,68936 
OpenMP ,1 ,10000 ,2000 ,69252 
OpenMP ,1 ,10000 ,2000 ,68811 
OpenMP ,1 ,10000 ,2000 ,68556 
OpenMP ,1 ,10000 ,2000 ,68436 
OpenMP ,1 ,10000 ,2000 ,68398 
OpenMP ,1 ,10000 ,2000 ,68540 
OpenMP ,1 ,10000 ,2000 ,68245 
OpenMP ,1 ,10000 ,2000 ,68965 
OpenMP ,1 ,10000 ,2000 ,68462 
OpenMP ,2 ,50002000 ,37195 
OpenMP ,2 ,50002000 ,36854 
OpenMP ,2 ,50002000 ,36765 
OpenMP ,2 ,50002000 ,36671 
OpenMP ,2 ,50002000 ,36964 
OpenMP ,2 ,50002000 ,36810 
OpenMP ,2 ,50002000 ,36826 
OpenMP ,2 ,50002000 ,36860 
OpenMP ,2 ,50002000 ,36863 
OpenMP ,2 ,50002000 ,36881 
OpenMP ,2 ,50002000 ,37025 
OpenMP ,2 ,50002000 ,36882 
OpenMP ,2 ,50002000 ,36746 
OpenMP ,2 ,50002000 ,36763 
OpenMP ,2 ,50002000 ,36945 
OpenMP ,2 ,50002000 ,36860 
OpenMP ,2 ,50002000 ,36833 
OpenMP ,2 ,50002000 ,36728 
OpenMP ,2 ,50002000 ,36837 
OpenMP ,2 ,50002000 ,36999 
OpenMP ,4 ,25002000 ,29150 
OpenMP ,4 ,25002000 ,28777 
OpenMP ,4 ,25002000 ,28578 
OpenMP ,4 ,25002000 ,28831 
OpenMP ,4 ,25002000 ,28046 
OpenMP ,4 ,25002000 ,28073 
OpenMP ,4 ,25002000 ,27885 
OpenMP ,4 ,25002000 ,29645 
OpenMP ,4 ,25002000 ,28223 
OpenMP ,4 ,25002000 ,27839 
OpenMP ,4 ,25002000 ,30639 
OpenMP ,4 ,25002000 ,29547 
OpenMP ,4 ,25002000 ,30048 
OpenMP ,4 ,25002000 ,29353 
OpenMP ,4 ,25002000 ,28079 
OpenMP ,4 ,25002000 ,29512 
OpenMP ,4 ,25002000 ,28953 
OpenMP ,4 ,25002000 ,28980 
OpenMP ,4 ,25002000 ,29097 
OpenMP ,4 ,25002000 ,28710 
OpenMP ,1 ,1000002000 ,673230 , 
OpenMP ,1 ,1000002000 ,676245 , 
OpenMP ,1 ,1000002000 ,674092 , 
OpenMP ,1 ,1000002000 ,675167 , 
OpenMP ,1 ,1000002000 ,720069 , 
OpenMP ,1 ,1000002000 ,782248 , 
OpenMP ,1 ,1000002000 ,739721 , 
OpenMP ,1 ,1000002000 ,849407 , 
OpenMP ,1 ,1000002000 ,730891 , 
OpenMP ,1 ,1000002000 ,684666 , 
OpenMP ,1 ,1000002000 ,673895 , 
OpenMP ,1 ,1000002000 ,833899 , 
OpenMP ,1 ,1000002000 ,850188 , 
OpenMP ,1 ,1000002000 ,728752 , 
OpenMP ,1 ,1000002000 ,702404 , 
OpenMP ,1 ,1000002000 ,712854 , 
OpenMP ,1 ,1000002000 ,700450 , 
OpenMP ,1 ,1000002000 ,676428 , 
OpenMP ,1 ,1000002000 ,675443 , 
OpenMP ,1 ,1000002000 ,675262 , 
OpenMP ,2 ,50000 ,2000 ,363583 , 
OpenMP ,2 ,50000 ,2000 ,372517 , 
OpenMP ,2 ,50000 ,2000 ,366233 , 
OpenMP ,2 ,50000 ,2000 ,363546 , 
OpenMP ,2 ,50000 ,2000 ,366884 , 
OpenMP ,2 ,50000 ,2000 ,363901 , 
OpenMP ,2 ,50000 ,2000 ,363302 , 
OpenMP ,2 ,50000 ,2000 ,364076 , 
OpenMP ,2 ,50000 ,2000 ,363690 , 
OpenMP ,2 ,50000 ,2000 ,363719 , 
OpenMP ,2 ,50000 ,2000 ,363806 , 
OpenMP ,2 ,50000 ,2000 ,363538 , 
OpenMP ,2 ,50000 ,2000 ,363674 , 
OpenMP ,2 ,50000 ,2000 ,364053 , 
OpenMP ,2 ,50000 ,2000 ,380011 , 
OpenMP ,2 ,50000 ,2000 ,364173 , 
OpenMP ,2 ,50000 ,2000 ,364821 , 
OpenMP ,2 ,50000 ,2000 ,364004 , 
OpenMP ,2 ,50000 ,2000 ,364566 , 
OpenMP ,2 ,50000 ,2000 ,365397 , 
OpenMP ,4 ,25000 ,2000 ,285273 , 
OpenMP ,4 ,25000 ,2000 ,281080 , 
OpenMP ,4 ,25000 ,2000 ,279250 , 
OpenMP ,4 ,25000 ,2000 ,288337 , 
OpenMP ,4 ,25000 ,2000 ,284145 , 
OpenMP ,4 ,25000 ,2000 ,279852 , 
OpenMP ,4 ,25000 ,2000 ,282261 , 
OpenMP ,4 ,25000 ,2000 ,282275 , 
OpenMP ,4 ,25000 ,2000 ,282279 , 
OpenMP ,4 ,25000 ,2000 ,282911 , 
OpenMP ,4 ,25000 ,2000 ,281045 , 
OpenMP ,4 ,25000 ,2000 ,282685 , 
OpenMP ,4 ,25000 ,2000 ,281099 , 
OpenMP ,4 ,25000 ,2000 ,282981 , 
OpenMP ,4 ,25000 ,2000 ,281374 , 
OpenMP ,4 ,25000 ,2000 ,283301 , 
OpenMP ,4 ,25000 ,2000 ,281434 , 
OpenMP ,4 ,25000 ,2000 ,280751 , 
OpenMP ,4 ,25000 ,2000 ,278863 , 
OpenMP ,4 ,25000 ,2000 ,281441 , 
OpenMP ,1 ,1000000 ,2000 ,6975845 
OpenMP ,1 ,1000000 ,2000 ,6980675 
OpenMP ,1 ,1000000 ,2000 ,6989587 
OpenMP ,1 ,1000000 ,2000 ,7011253 
OpenMP ,1 ,1000000 ,2000 ,6976980 
OpenMP ,1 ,1000000 ,2000 ,6979750 
OpenMP ,1 ,1000000 ,2000 ,7000798 
OpenMP ,1 ,1000000 ,2000 ,6976975 
OpenMP ,1 ,1000000 ,2000 ,6977872 
OpenMP ,1 ,1000000 ,2000 ,6975405 
OpenMP ,1 ,1000000 ,2000 ,6999296 
OpenMP ,1 ,1000000 ,2000 ,6981486 
OpenMP ,1 ,1000000 ,2000 ,6974008 
OpenMP ,1 ,1000000 ,2000 ,6978310 
OpenMP ,1 ,1000000 ,2000 ,6975373 
OpenMP ,1 ,1000000 ,2000 ,6976678 
OpenMP ,1 ,1000000 ,2000 ,6975963 
OpenMP ,1 ,1000000 ,2000 ,6977115 
OpenMP ,1 ,1000000 ,2000 ,7007441 
OpenMP ,1 ,1000000 ,2000 ,6985394 
OpenMP ,2 ,5000002000 ,3819144 
OpenMP ,2 ,5000002000 ,3780698 
OpenMP ,2 ,5000002000 ,3796332 
OpenMP ,2 ,5000002000 ,3788182 
OpenMP ,2 ,5000002000 ,3773042 
OpenMP ,2 ,5000002000 ,3814474 
OpenMP ,2 ,5000002000 ,3813938 
OpenMP ,2 ,5000002000 ,3780147 
OpenMP ,2 ,5000002000 ,3796597 
OpenMP ,2 ,5000002000 ,3774853 
OpenMP ,2 ,5000002000 ,3784665 
OpenMP ,2 ,5000002000 ,3784240 
OpenMP ,2 ,5000002000 ,3783365 
OpenMP ,2 ,5000002000 ,3776914 
OpenMP ,2 ,5000002000 ,3778643 
OpenMP ,2 ,5000002000 ,3798294 
OpenMP ,2 ,5000002000 ,3771854 
OpenMP ,2 ,5000002000 ,3774388 
OpenMP ,2 ,5000002000 ,3780642 
OpenMP ,2 ,5000002000 ,3783102 
OpenMP ,4 ,2500002000 ,2802002 
OpenMP ,4 ,2500002000 ,2825175 
OpenMP ,4 ,2500002000 ,2784348 
OpenMP ,4 ,2500002000 ,2793349 
OpenMP ,4 ,2500002000 ,2809137 
OpenMP ,4 ,2500002000 ,2816356 
OpenMP ,4 ,2500002000 ,2804178 
OpenMP ,4 ,2500002000 ,2822818 
OpenMP ,4 ,2500002000 ,2807224 
OpenMP ,4 ,2500002000 ,2823823 
OpenMP ,4 ,2500002000 ,2800307 
OpenMP ,4 ,2500002000 ,2828881 
OpenMP ,4 ,2500002000 ,2803989 
OpenMP ,4 ,2500002000 ,2839647 
OpenMP ,4 ,2500002000 ,2839218 
OpenMP ,4 ,2500002000 ,2797598 
OpenMP ,4 ,2500002000 ,2804438 
OpenMP ,4 ,2500002000 ,2812821 
OpenMP ,4 ,2500002000 ,2805315 
OpenMP ,4 ,2500002000 ,2818261 
OpenMP ,1 ,10000 ,3000 ,102482 , 
OpenMP ,1 ,10000 ,3000 ,102307 , 
OpenMP ,1 ,10000 ,3000 ,101881 , 
OpenMP ,1 ,10000 ,3000 ,101947 , 
OpenMP ,1 ,10000 ,3000 ,101549 , 
OpenMP ,1 ,10000 ,3000 ,101974 , 
OpenMP ,1 ,10000 ,3000 ,101753 , 
OpenMP ,1 ,10000 ,3000 ,102099 , 
OpenMP ,1 ,10000 ,3000 ,101677 , 
OpenMP ,1 ,10000 ,3000 ,102247 , 
OpenMP ,1 ,10000 ,3000 ,101814 , 
OpenMP ,1 ,10000 ,3000 ,101948 , 
OpenMP ,1 ,10000 ,3000 ,101506 , 
OpenMP ,1 ,10000 ,3000 ,102965 , 
OpenMP ,1 ,10000 ,3000 ,101979 , 
OpenMP ,1 ,10000 ,3000 ,102067 , 
OpenMP ,1 ,10000 ,3000 ,101828 , 
OpenMP ,1 ,10000 ,3000 ,101566 , 
OpenMP ,1 ,10000 ,3000 ,101727 , 
OpenMP ,1 ,10000 ,3000 ,102529 , 
OpenMP ,2 ,50003000 ,55067 
OpenMP ,2 ,50003000 ,57052 
OpenMP ,2 ,50003000 ,55118 
OpenMP ,2 ,50003000 ,54916 
OpenMP ,2 ,50003000 ,54931 
OpenMP ,2 ,50003000 ,54877 
OpenMP ,2 ,50003000 ,55268 
OpenMP ,2 ,50003000 ,54952 
OpenMP ,2 ,50003000 ,55137 
OpenMP ,2 ,50003000 ,55183 
OpenMP ,2 ,50003000 ,54953 
OpenMP ,2 ,50003000 ,55046 
OpenMP ,2 ,50003000 ,54909 
OpenMP ,2 ,50003000 ,55224 
OpenMP ,2 ,50003000 ,54857 
OpenMP ,2 ,50003000 ,55106 
OpenMP ,2 ,50003000 ,55013 
OpenMP ,2 ,50003000 ,55484 
OpenMP ,2 ,50003000 ,54913 
OpenMP ,2 ,50003000 ,55135 
OpenMP ,4 ,25003000 ,42933 
OpenMP ,4 ,25003000 ,42628 
OpenMP ,4 ,25003000 ,42468 
OpenMP ,4 ,25003000 ,44734 
OpenMP ,4 ,25003000 ,42758 
OpenMP ,4 ,25003000 ,42623 
OpenMP ,4 ,25003000 ,45752 
OpenMP ,4 ,25003000 ,42634 
OpenMP ,4 ,25003000 ,42527 
OpenMP ,4 ,25003000 ,44624 
OpenMP ,4 ,25003000 ,42831 
OpenMP ,4 ,25003000 ,42678 
OpenMP ,4 ,25003000 ,42936 
OpenMP ,4 ,25003000 ,43537 
OpenMP ,4 ,25003000 ,42659 
OpenMP ,4 ,25003000 ,42277 
OpenMP ,4 ,25003000 ,42905 
OpenMP ,4 ,25003000 ,42551 
OpenMP ,4 ,25003000 ,41667 
OpenMP ,4 ,25003000 ,43045 
OpenMP ,1 ,1000003000 ,1010458 
OpenMP ,1 ,1000003000 ,1009381 
OpenMP ,1 ,1000003000 ,1011262 
OpenMP ,1 ,1000003000 ,1012525 
OpenMP ,1 ,1000003000 ,1010595 
OpenMP ,1 ,1000003000 ,1021282 
OpenMP ,1 ,1000003000 ,1066467 
OpenMP ,1 ,1000003000 ,1019773 
OpenMP ,1 ,1000003000 ,1010615 
OpenMP ,1 ,1000003000 ,1013350 
OpenMP ,1 ,1000003000 ,1009813 
OpenMP ,1 ,1000003000 ,1009901 
OpenMP ,1 ,1000003000 ,1012696 
OpenMP ,1 ,1000003000 ,1014619 
OpenMP ,1 ,1000003000 ,1011746 
OpenMP ,1 ,1000003000 ,1012786 
OpenMP ,1 ,1000003000 ,1017763 
OpenMP ,1 ,1000003000 ,1013654 
OpenMP ,1 ,1000003000 ,1010823 
OpenMP ,1 ,1000003000 ,1013217 
OpenMP ,2 ,50000 ,3000 ,556310 , 
OpenMP ,2 ,50000 ,3000 ,546268 , 
OpenMP ,2 ,50000 ,3000 ,544757 , 
OpenMP ,2 ,50000 ,3000 ,545278 , 
OpenMP ,2 ,50000 ,3000 ,544725 , 
OpenMP ,2 ,50000 ,3000 ,544039 , 
OpenMP ,2 ,50000 ,3000 ,545498 , 
OpenMP ,2 ,50000 ,3000 ,544742 , 
OpenMP ,2 ,50000 ,3000 ,544596 , 
OpenMP ,2 ,50000 ,3000 ,545111 , 
OpenMP ,2 ,50000 ,3000 ,544803 , 
OpenMP ,2 ,50000 ,3000 ,544058 , 
OpenMP ,2 ,50000 ,3000 ,544870 , 
OpenMP ,2 ,50000 ,3000 ,546004 , 
OpenMP ,2 ,50000 ,3000 ,546352 , 
OpenMP ,2 ,50000 ,3000 ,545644 , 
OpenMP ,2 ,50000 ,3000 ,544612 , 
OpenMP ,2 ,50000 ,3000 ,544706 , 
OpenMP ,2 ,50000 ,3000 ,552251 , 
OpenMP ,2 ,50000 ,3000 ,544695 , 
OpenMP ,4 ,25000 ,3000 ,419883 , 
OpenMP ,4 ,25000 ,3000 ,416972 , 
OpenMP ,4 ,25000 ,3000 ,417154 , 
OpenMP ,4 ,25000 ,3000 ,416783 , 
OpenMP ,4 ,25000 ,3000 ,415515 , 
OpenMP ,4 ,25000 ,3000 ,416690 , 
OpenMP ,4 ,25000 ,3000 ,418274 , 
OpenMP ,4 ,25000 ,3000 ,415608 , 
OpenMP ,4 ,25000 ,3000 ,418882 , 
OpenMP ,4 ,25000 ,3000 ,416151 , 
OpenMP ,4 ,25000 ,3000 ,419082 , 
OpenMP ,4 ,25000 ,3000 ,416241 , 
OpenMP ,4 ,25000 ,3000 ,416872 , 
OpenMP ,4 ,25000 ,3000 ,415839 , 
OpenMP ,4 ,25000 ,3000 ,416076 , 
OpenMP ,4 ,25000 ,3000 ,418690 , 
OpenMP ,4 ,25000 ,3000 ,419422 , 
OpenMP ,4 ,25000 ,3000 ,418925 , 
OpenMP ,4 ,25000 ,3000 ,418428 , 
OpenMP ,4 ,25000 ,3000 ,419521 , 
OpenMP ,1 ,1000000 ,3000 ,10475728 , 
OpenMP ,1 ,1000000 ,3000 ,10484049 , 
OpenMP ,1 ,1000000 ,3000 ,10445685 , 
OpenMP ,1 ,1000000 ,3000 ,10474197 , 
OpenMP ,1 ,1000000 ,3000 ,10498423 , 
OpenMP ,1 ,1000000 ,3000 ,10482999 , 
OpenMP ,1 ,1000000 ,3000 ,10487111 , 
OpenMP ,1 ,1000000 ,3000 ,10474802 , 
OpenMP ,1 ,1000000 ,3000 ,10593784 , 
OpenMP ,1 ,1000000 ,3000 ,10504037 , 
OpenMP ,1 ,1000000 ,3000 ,10478487 , 
OpenMP ,1 ,1000000 ,3000 ,10496466 , 
OpenMP ,1 ,1000000 ,3000 ,10457144 , 
OpenMP ,1 ,1000000 ,3000 ,10633748 , 
OpenMP ,1 ,1000000 ,3000 ,10692748 , 
OpenMP ,1 ,1000000 ,3000 ,10532985 , 
OpenMP ,1 ,1000000 ,3000 ,10451122 , 
OpenMP ,1 ,1000000 ,3000 ,10532580 , 
OpenMP ,1 ,1000000 ,3000 ,10481740 , 
OpenMP ,1 ,1000000 ,3000 ,10532207 , 
OpenMP ,2 ,5000003000 ,5641286 
OpenMP ,2 ,5000003000 ,5676857 
OpenMP ,2 ,5000003000 ,5999230 
OpenMP ,2 ,5000003000 ,6239935 
OpenMP ,2 ,5000003000 ,6236274 
OpenMP ,2 ,5000003000 ,6191681 
OpenMP ,2 ,5000003000 ,6321655 
OpenMP ,2 ,5000003000 ,5663587 
OpenMP ,2 ,5000003000 ,5689351 
OpenMP ,2 ,5000003000 ,5653477 
OpenMP ,2 ,5000003000 ,5685213 
OpenMP ,2 ,5000003000 ,5673526 
OpenMP ,2 ,5000003000 ,5702107 
OpenMP ,2 ,5000003000 ,5681301 
OpenMP ,2 ,5000003000 ,5662452 
OpenMP ,2 ,5000003000 ,5702096 
OpenMP ,2 ,5000003000 ,5680668 
OpenMP ,2 ,5000003000 ,5663326 
OpenMP ,2 ,5000003000 ,5665278 
OpenMP ,2 ,5000003000 ,5728961 
OpenMP ,4 ,2500003000 ,4206311 
OpenMP ,4 ,2500003000 ,4190376 
OpenMP ,4 ,2500003000 ,4194038 
OpenMP ,4 ,2500003000 ,4198754 
OpenMP ,4 ,2500003000 ,4224295 
OpenMP ,4 ,2500003000 ,4215136 
OpenMP ,4 ,2500003000 ,4226309 
OpenMP ,4 ,2500003000 ,4183023 
OpenMP ,4 ,2500003000 ,4222009 
OpenMP ,4 ,2500003000 ,4182853 
OpenMP ,4 ,2500003000 ,4187770 
OpenMP ,4 ,2500003000 ,4219886 
OpenMP ,4 ,2500003000 ,4205153 
OpenMP ,4 ,2500003000 ,4200229 
OpenMP ,4 ,2500003000 ,4177799 
OpenMP ,4 ,2500003000 ,4228664 
OpenMP ,4 ,2500003000 ,4227212 
OpenMP ,4 ,2500003000 ,4207889 
OpenMP ,4 ,2500003000 ,4220781 
OpenMP ,4 ,2500003000 ,4212324 
OpenMP ,1 ,10000 ,5000 ,168892 , 
OpenMP ,1 ,10000 ,5000 ,168327 , 
OpenMP ,1 ,10000 ,5000 ,168755 , 
OpenMP ,1 ,10000 ,5000 ,168960 , 
OpenMP ,1 ,10000 ,5000 ,168877 , 
OpenMP ,1 ,10000 ,5000 ,169398 , 
OpenMP ,1 ,10000 ,5000 ,168607 , 
OpenMP ,1 ,10000 ,5000 ,168780 , 
OpenMP ,1 ,10000 ,5000 ,168529 , 
OpenMP ,1 ,10000 ,5000 ,168987 , 
OpenMP ,1 ,10000 ,5000 ,169759 , 
OpenMP ,1 ,10000 ,5000 ,169192 , 
OpenMP ,1 ,10000 ,5000 ,168537 , 
OpenMP ,1 ,10000 ,5000 ,178874 , 
OpenMP ,1 ,10000 ,5000 ,168732 , 
OpenMP ,1 ,10000 ,5000 ,168862 , 
OpenMP ,1 ,10000 ,5000 ,169061 , 
OpenMP ,1 ,10000 ,5000 ,169912 , 
OpenMP ,1 ,10000 ,5000 ,169908 , 
OpenMP ,1 ,10000 ,5000 ,168423 , 
OpenMP ,2 ,50005000 ,91674 
OpenMP ,2 ,50005000 ,91299 
OpenMP ,2 ,50005000 ,91206 
OpenMP ,2 ,50005000 ,91206 
OpenMP ,2 ,50005000 ,91151 
OpenMP ,2 ,50005000 ,91101 
OpenMP ,2 ,50005000 ,91272 
OpenMP ,2 ,50005000 ,91048 
OpenMP ,2 ,50005000 ,91431 
OpenMP ,2 ,50005000 ,91514 
OpenMP ,2 ,50005000 ,91453 
OpenMP ,2 ,50005000 ,91188 
OpenMP ,2 ,50005000 ,91090 
OpenMP ,2 ,50005000 ,91234 
OpenMP ,2 ,50005000 ,91378 
OpenMP ,2 ,50005000 ,91341 
OpenMP ,2 ,50005000 ,91399 
OpenMP ,2 ,50005000 ,91407 
OpenMP ,2 ,50005000 ,91040 
OpenMP ,2 ,50005000 ,91170 
OpenMP ,4 ,25005000 ,70512 
OpenMP ,4 ,25005000 ,70370 
OpenMP ,4 ,25005000 ,70522 
OpenMP ,4 ,25005000 ,70394 
OpenMP ,4 ,25005000 ,71527 
OpenMP ,4 ,25005000 ,70765 
OpenMP ,4 ,25005000 ,70375 
OpenMP ,4 ,25005000 ,70767 
OpenMP ,4 ,25005000 ,70965 
OpenMP ,4 ,25005000 ,70692 
OpenMP ,4 ,25005000 ,70562 
OpenMP ,4 ,25005000 ,70438 
OpenMP ,4 ,25005000 ,72479 
OpenMP ,4 ,25005000 ,71115 
OpenMP ,4 ,25005000 ,71085 
OpenMP ,4 ,25005000 ,71016 
OpenMP ,4 ,25005000 ,70907 
OpenMP ,4 ,25005000 ,71129 
OpenMP ,4 ,25005000 ,70445 
OpenMP ,4 ,25005000 ,71124 
OpenMP ,1 ,1000005000 ,1684329 
OpenMP ,1 ,1000005000 ,1692127 
OpenMP ,1 ,1000005000 ,1685203 
OpenMP ,1 ,1000005000 ,1680244 
OpenMP ,1 ,1000005000 ,1682097 
OpenMP ,1 ,1000005000 ,1703172 
OpenMP ,1 ,1000005000 ,1687644 
OpenMP ,1 ,1000005000 ,1684233 
OpenMP ,1 ,1000005000 ,1691713 
OpenMP ,1 ,1000005000 ,1710173 
OpenMP ,1 ,1000005000 ,1692506 
OpenMP ,1 ,1000005000 ,1681364 
OpenMP ,1 ,1000005000 ,1687875 
OpenMP ,1 ,1000005000 ,1680542 
OpenMP ,1 ,1000005000 ,1680852 
OpenMP ,1 ,1000005000 ,1683090 
OpenMP ,1 ,1000005000 ,1690728 
OpenMP ,1 ,1000005000 ,1702270 
OpenMP ,1 ,1000005000 ,1681679 
OpenMP ,1 ,1000005000 ,1684792 
OpenMP ,2 ,50000 ,5000 ,917367 , 
OpenMP ,2 ,50000 ,5000 ,907010 , 
OpenMP ,2 ,50000 ,5000 ,905979 , 
OpenMP ,2 ,50000 ,5000 ,906214 , 
OpenMP ,2 ,50000 ,5000 ,906620 , 
OpenMP ,2 ,50000 ,5000 ,906758 , 
OpenMP ,2 ,50000 ,5000 ,906111 , 
OpenMP ,2 ,50000 ,5000 ,906136 , 
OpenMP ,2 ,50000 ,5000 ,906457 , 
OpenMP ,2 ,50000 ,5000 ,906506 , 
OpenMP ,2 ,50000 ,5000 ,906946 , 
OpenMP ,2 ,50000 ,5000 ,908700 , 
OpenMP ,2 ,50000 ,5000 ,909059 , 
OpenMP ,2 ,50000 ,5000 ,907707 , 
OpenMP ,2 ,50000 ,5000 ,906618 , 
OpenMP ,2 ,50000 ,5000 ,906578 , 
OpenMP ,2 ,50000 ,5000 ,906545 , 
OpenMP ,2 ,50000 ,5000 ,906580 , 
OpenMP ,2 ,50000 ,5000 ,907226 , 
OpenMP ,2 ,50000 ,5000 ,906659 , 
OpenMP ,4 ,25000 ,5000 ,693854 , 
OpenMP ,4 ,25000 ,5000 ,689196 , 
OpenMP ,4 ,25000 ,5000 ,689636 , 
OpenMP ,4 ,25000 ,5000 ,689781 , 
OpenMP ,4 ,25000 ,5000 ,689369 , 
OpenMP ,4 ,25000 ,5000 ,689593 , 
OpenMP ,4 ,25000 ,5000 ,691840 , 
OpenMP ,4 ,25000 ,5000 ,689022 , 
OpenMP ,4 ,25000 ,5000 ,692279 , 
OpenMP ,4 ,25000 ,5000 ,690929 , 
OpenMP ,4 ,25000 ,5000 ,688735 , 
OpenMP ,4 ,25000 ,5000 ,688162 , 
OpenMP ,4 ,25000 ,5000 ,689018 , 
OpenMP ,4 ,25000 ,5000 ,689038 , 
OpenMP ,4 ,25000 ,5000 ,695051 , 
OpenMP ,4 ,25000 ,5000 ,703302 , 
OpenMP ,4 ,25000 ,5000 ,687638 , 
OpenMP ,4 ,25000 ,5000 ,688795 , 
OpenMP ,4 ,25000 ,5000 ,692287 , 
OpenMP ,4 ,25000 ,5000 ,715606 , 
OpenMP ,1 ,1000000 ,5000 ,17517766 , 
OpenMP ,1 ,1000000 ,5000 ,17562418 , 
OpenMP ,1 ,1000000 ,5000 ,17528280 , 
OpenMP ,1 ,1000000 ,5000 ,17549543 , 
OpenMP ,1 ,1000000 ,5000 ,17522743 , 
OpenMP ,1 ,1000000 ,5000 ,17540971 , 
OpenMP ,1 ,1000000 ,5000 ,17561470 , 
OpenMP ,1 ,1000000 ,5000 ,17523236 , 
OpenMP ,1 ,1000000 ,5000 ,17513184 , 
OpenMP ,1 ,1000000 ,5000 ,17503833 , 
OpenMP ,1 ,1000000 ,5000 ,17497513 , 
OpenMP ,1 ,1000000 ,5000 ,17533460 , 
OpenMP ,1 ,1000000 ,5000 ,17530315 , 
OpenMP ,1 ,1000000 ,5000 ,17528958 , 
OpenMP ,1 ,1000000 ,5000 ,17492759 , 
OpenMP ,1 ,1000000 ,5000 ,17513415 , 
OpenMP ,1 ,1000000 ,5000 ,17510427 , 
OpenMP ,1 ,1000000 ,5000 ,17500764 , 
OpenMP ,1 ,1000000 ,5000 ,17543884 , 
OpenMP ,1 ,1000000 ,5000 ,17524008 , 
OpenMP ,2 ,5000005000 ,9490027 
OpenMP ,2 ,5000005000 ,9508153 
OpenMP ,2 ,5000005000 ,9483377 
OpenMP ,2 ,5000005000 ,9452395 
OpenMP ,2 ,5000005000 ,9492670 
OpenMP ,2 ,5000005000 ,9486449 
OpenMP ,2 ,5000005000 ,9462090 
OpenMP ,2 ,5000005000 ,9482258 
OpenMP ,2 ,5000005000 ,9512903 
OpenMP ,2 ,5000005000 ,9542154 
OpenMP ,2 ,5000005000 ,9505011 
OpenMP ,2 ,5000005000 ,10026995 , 
OpenMP ,2 ,5000005000 ,9578551 
OpenMP ,2 ,5000005000 ,9485643 
OpenMP ,2 ,5000005000 ,9466251 
OpenMP ,2 ,5000005000 ,9429199 
OpenMP ,2 ,5000005000 ,9475616 
OpenMP ,2 ,5000005000 ,9426566 
OpenMP ,2 ,5000005000 ,9477223 
OpenMP ,2 ,5000005000 ,9484678 
OpenMP ,4 ,2500005000 ,7051804 
OpenMP ,4 ,2500005000 ,7005008 
OpenMP ,4 ,2500005000 ,7024482 
OpenMP ,4 ,2500005000 ,7074324 
OpenMP ,4 ,2500005000 ,7013344 
OpenMP ,4 ,2500005000 ,7051054 
OpenMP ,4 ,2500005000 ,6982396 
OpenMP ,4 ,2500005000 ,7014228 
OpenMP ,4 ,2500005000 ,7071242 
OpenMP ,4 ,2500005000 ,7040171 
OpenMP ,4 ,2500005000 ,7038419 
OpenMP ,4 ,2500005000 ,6996473 
OpenMP ,4 ,2500005000 ,7032037 
OpenMP ,4 ,2500005000 ,7068874 
OpenMP ,4 ,2500005000 ,7008603 
OpenMP ,4 ,2500005000 ,7039119 
OpenMP ,4 ,2500005000 ,7029718 
OpenMP ,4 ,2500005000 ,6988307 
OpenMP ,4 ,2500005000 ,7029397 
OpenMP ,4 ,2500005000 ,7056169 
